Filename,Duration,File Size,Creation Date,Original Path
Royalty of Refuse.mp3,3:47,5.22 MB,08-09-24,/Volumes/Pics/Music/Suno-Music/Royalty of Refuse.mp3
Blues in the Alley Haunted Strings Nocturnal Notes.mp3,3:16,4.51 MB,08-09-24,/Volumes/Pics/Music/Suno-Music/Blues in the Alley Haunted Strings Nocturnal Notes.mp3
Moonly Alley (3).mp3,0:51,1.18 MB,08-09-24,/Volumes/Pics/Music/Suno-Music/Moonly Alley (3).mp3
Dance Like Nobody's Watching.mp3,2:19,3.19 MB,08-09-24,/Volumes/Pics/Music/Suno-Music/Dance Like Nobody's Watching.mp3
Junkyard Kings.mp3,4:00,5.49 MB,08-09-24,/Volumes/Pics/Music/Suno-Music/Junkyard Kings.mp3
Let's Get Trashy.mp3,3:00,4.14 MB,08-09-24,/Volumes/Pics/Music/Suno-Music/Let's Get Trashy.mp3
Heartbeats in the Dark.mp3,4:00,5.49 MB,08-09-24,/Volumes/Pics/Music/Suno-Music/Heartbeats in the Dark.mp3
Howligritty Nights.mp3,2:49,3.88 MB,08-09-24,/Volumes/Pics/Music/Suno-Music/Howligritty Nights.mp3
Blues in the Moonlit Nights.mp3,2:51,3.92 MB,08-09-24,/Volumes/Pics/Music/Suno-Music/Blues in the Moonlit Nights.mp3
No More Love Songs.mp3,2:32,3.49 MB,08-09-24,/Volumes/Pics/Music/Suno-Music/No More Love Songs.mp3
The Alley King.mp3,2:39,3.65 MB,08-09-24,/Volumes/Pics/Music/Suno-Music/The Alley King.mp3
"Love is Rubbish, and Rubbish is Love.mp3",2:44,3.76 MB,08-09-24,"/Volumes/Pics/Music/Suno-Music/Love is Rubbish, and Rubbish is Love.mp3"
Heartbeats in the Dark (1).mp3,3:11,4.38 MB,08-09-24,/Volumes/Pics/Music/Suno-Music/Heartbeats in the Dark (1).mp3
Howling Cat's Song.mp3,2:36,3.59 MB,08-09-24,/Volumes/Pics/Music/Suno-Music/Howling Cat's Song.mp3
Rubbish Love.mp3,3:05,4.26 MB,08-09-24,/Volumes/Pics/Music/Suno-Music/Rubbish Love.mp3
Echoes of Yesterday.mp3,3:30,4.81 MB,08-09-24,/Volumes/Pics/Music/Suno-Music/Echoes of Yesterday.mp3
Project 2025_ Defy Defeat.mp3,2:40,3.68 MB,08-09-24,/Volumes/Pics/Music/Suno-Music/Project 2025_ Defy Defeat.mp3
Kings and Queens of Litter.mp3,4:00,5.49 MB,08-09-24,/Volumes/Pics/Music/Suno-Music/Kings and Queens of Litter.mp3
Project 2025.mp3,3:09,4.33 MB,08-09-24,/Volumes/Pics/Music/Suno-Music/Project 2025.mp3
Moonly Alley Serenade.mp3,2:57,4.06 MB,08-09-24,/Volumes/Pics/Music/Suno-Music/Moonly Alley Serenade.mp3
Moonlit Reverie.mp3,3:40,5.04 MB,08-09-24,/Volumes/Pics/Music/Suno-Music/Moonlit Reverie.mp3
resized_The First Hundred Days_ A Conservative Blueprint for ActionTEMP_MPY_wvf_snd.mp3,0:27,436.17 KB,10-07-24,/Volumes/Pics/2025/2025-mp3/2025/resized_The First Hundred Days_ A Conservative Blueprint for ActionTEMP_MPY_wvf_snd.mp3
2025-first2.mp3,7:31,6.89 MB,10-07-24,/Volumes/Pics/2025/2025-mp3/2025/2025-first2.mp3
Project 2025 vs Kamala_Waltz_ A Battle f 2024-08-17.mp3,4:57,4.54 MB,10-07-24,/Volumes/Pics/2025/2025-mp3/2025/Project 2025 vs Kamala_Waltz_ A Battle f 2024-08-17.mp3
resized_7-Challenging Health Policies_ The Conservative Critique of CDC and NIHTEMP_MPY_wvf_snd.mp3,0:53,836.98 KB,10-07-24,/Volumes/Pics/2025/2025-mp3/2025/resized_7-Challenging Health Policies_ The Conservative Critique of CDC and NIHTEMP_MPY_wvf_snd.mp3
resized_6-Reviving the Founders' Vision_ The Role of Congress in Military ActionsTEMP_MPY_wvf_snd.mp3,0:21,329.23 KB,10-07-24,/Volumes/Pics/2025/2025-mp3/2025/resized_6-Reviving the Founders' Vision_ The Role of Congress in Military ActionsTEMP_MPY_wvf_snd.mp3
2023_ The Battle Against Cultural Marxism in America.mp3,0:31,733.10 KB,10-07-24,/Volumes/Pics/2025/2025-mp3/2025/2023_ The Battle Against Cultural Marxism in America.mp3
Project 2025  The Heritage Foundation's Terri(1).mp3,0:52,821.06 KB,10-07-24,/Volumes/Pics/2025/2025-mp3/2025/Project 2025  The Heritage Foundation's Terri(1).mp3
resized_1-Navigating America's Ideological Divide_ A Mission for the Next AdministrationTEMP_MPY_wvf_snd.mp3,0:33,518.21 KB,10-07-24,/Volumes/Pics/2025/2025-mp3/2025/resized_1-Navigating America's Ideological Divide_ A Mission for the Next AdministrationTEMP_MPY_wvf_snd.mp3
resized_2-Unmasking the Heritage Foundation  The Hidden AgendaTEMP_MPY_wvf_snd.mp3,0:32,510.04 KB,10-07-24,/Volumes/Pics/2025/2025-mp3/2025/resized_2-Unmasking the Heritage Foundation  The Hidden AgendaTEMP_MPY_wvf_snd.mp3
The Energy Behind Project 2025_ Reversing Progressive Policies.mp3,0:22,355.76 KB,10-07-24,/Volumes/Pics/2025/2025-mp3/2025/The Energy Behind Project 2025_ Reversing Progressive Policies.mp3
Inside Project 2025  A Detailed Blueprint for.mp3,0:47,747.59 KB,10-07-24,/Volumes/Pics/2025/2025-mp3/2025/Inside Project 2025  A Detailed Blueprint for.mp3
China  The Ultimate Boogeyman in Project 2025.mp3,0:45,710.04 KB,10-07-24,/Volumes/Pics/2025/2025-mp3/2025/China  The Ultimate Boogeyman in Project 2025.mp3
resized_Mandate oF HaTe-terrifyingTEMP_MPY_wvf_snd.mp3,5:19,4.88 MB,10-07-24,/Volumes/Pics/2025/2025-mp3/2025/resized_Mandate oF HaTe-terrifyingTEMP_MPY_wvf_snd.mp3
How Reagan's 1980 Mandate Inspired Project 2025.mp3,0:46,727.19 KB,10-07-24,/Volumes/Pics/2025/2025-mp3/2025/How Reagan's 1980 Mandate Inspired Project 2025.mp3
resized_8-The Conservative Promise_ Restructuring for America's FutureTEMP_MPY_wvf_snd.mp3,1:05,1.00 MB,10-07-24,/Volumes/Pics/2025/2025-mp3/2025/resized_8-The Conservative Promise_ Restructuring for America's FutureTEMP_MPY_wvf_snd.mp3
American Disaster_ Project 2025 Unveiled 2024-07-09.mp3,3:11,2.92 MB,10-07-24,/Volumes/Pics/2025/2025-mp3/2025/American Disaster_ Project 2025 Unveiled 2024-07-09.mp3
resized_FakeTEMP_MPY_wvf_snd.mp3,0:14,230.04 KB,10-07-24,/Volumes/Pics/2025/2025-mp3/2025/resized_FakeTEMP_MPY_wvf_snd.mp3
resized_3- The Hidden Threat How the Heritage Foundation is diving america TEMP_MPY_wvf_snd.mp3,0:49,766.78 KB,10-07-24,/Volumes/Pics/2025/2025-mp3/2025/resized_3- The Hidden Threat How the Heritage Foundation is diving america TEMP_MPY_wvf_snd.mp3
resized_3-Reforming the Bureaucracy_ The Trump Administration's Struggle with Career EmployeesTEMP_MPY_wvf_snd.mp3,0:39,623.51 KB,10-07-24,/Volumes/Pics/2025/2025-mp3/2025/resized_3-Reforming the Bureaucracy_ The Trump Administration's Struggle with Career EmployeesTEMP_MPY_wvf_snd.mp3
Project 2025_ A Practical Guide for a New Conservative President.mp3,0:43,682.29 KB,10-07-24,/Volumes/Pics/2025/2025-mp3/2025/Project 2025_ A Practical Guide for a New Conservative President.mp3
Unmasking Project 2025_ The Sinister Blu 2024-08-09.mp3,1:08,1.04 MB,10-07-24,/Volumes/Pics/2025/2025-mp3/2025/Unmasking Project 2025_ The Sinister Blu 2024-08-09.mp3
Heritage of Hate_ The White Supremacist  2024-09-07TEMP_MPY_wvf_snd.mp3,11:21,10.40 MB,10-07-24,/Volumes/Pics/2025/2025-mp3/2025/Heritage of Hate_ The White Supremacist  2024-09-07TEMP_MPY_wvf_snd.mp3
resized_America's Fragile Dream  The Growing Threat WTEMP_MPY_wvf_snd.mp3,0:31,485.14 KB,10-07-24,/Volumes/Pics/2025/2025-mp3/2025/resized_America's Fragile Dream  The Growing Threat WTEMP_MPY_wvf_snd.mp3
Media Mistrust  Project 2025's War on Traditi.mp3,0:49,776.17 KB,10-07-24,/Volumes/Pics/2025/2025-mp3/2025/Media Mistrust  Project 2025's War on Traditi.mp3
resized_Reclaiming American Values  The Rhetoric of PTEMP_MPY_wvf_snd.mp3,0:48,750.86 KB,10-07-24,/Volumes/Pics/2025/2025-mp3/2025/resized_Reclaiming American Values  The Rhetoric of PTEMP_MPY_wvf_snd.mp3
Project2025-SinisterProject.mp3,0:00,256.00 KB,10-07-24,/Volumes/Pics/2025/2025-mp3/2025/Project2025-SinisterProject.mp3
resized_The Reagan Revolution_ How a Book Changed AmericaTEMP_MPY_wvf_snd.mp3,0:29,461.06 KB,10-07-24,/Volumes/Pics/2025/2025-mp3/2025/resized_The Reagan Revolution_ How a Book Changed AmericaTEMP_MPY_wvf_snd.mp3
resized_A Detailed Blueprint for the Next Conservative PresidentTEMP_MPY_wvf_snd.mp3,0:18,288.00 KB,10-07-24,/Volumes/Pics/2025/2025-mp3/2025/resized_A Detailed Blueprint for the Next Conservative PresidentTEMP_MPY_wvf_snd.mp3
Unveiling Project 2025_ A Conservative Blueprint for Governance.mp3,0:19,308.00 KB,10-07-24,/Volumes/Pics/2025/2025-mp3/2025/Unveiling Project 2025_ A Conservative Blueprint for Governance.mp3
resized_How to Fight Back Against the Heritage FoundationTEMP_MPY_wvf_snd.mp3,0:45,711.27 KB,10-07-24,/Volumes/Pics/2025/2025-mp3/2025/resized_How to Fight Back Against the Heritage FoundationTEMP_MPY_wvf_snd.mp3
Project 2025_ More Than Just a Policy Platform.mp3,0:35,559.43 KB,10-07-24,/Volumes/Pics/2025/2025-mp3/2025/Project 2025_ More Than Just a Policy Platform.mp3
resized_The Hidden Threat  How the Heritage FoundatioTEMP_MPY_wvf_snd.mp3,0:49,766.78 KB,10-07-24,/Volumes/Pics/2025/2025-mp3/2025/resized_The Hidden Threat  How the Heritage FoundatioTEMP_MPY_wvf_snd.mp3
The Urgency of Project 2025  A Countdown to R.mp3,0:57,896.57 KB,10-07-24,/Volumes/Pics/2025/2025-mp3/2025/The Urgency of Project 2025  A Countdown to R.mp3
Project 2025 The Looming Threat-FiN.mp3,2:47,2.55 MB,10-07-24,/Volumes/Pics/2025/2025-mp3/2025/Project 2025 The Looming Threat-FiN.mp3
Heritage_of_Hate_The_White_Supremacist_2024-09-07TEMP_MPY_wvf_snd.mp3,11:21,10.40 MB,10-07-24,/Volumes/Pics/2025/2025-mp3/2025/Heritage_of_Hate_The_White_Supremacist_2024-09-07TEMP_MPY_wvf_snd.mp3
Project 2025_ Decoding Domestic Terrorism Manifesto.mp3,0:34,544.33 KB,10-07-24,/Volumes/Pics/2025/2025-mp3/2025/Project 2025_ Decoding Domestic Terrorism Manifesto.mp3
Dividing America  Project 2025's Attack on th.mp3,0:47,748.00 KB,10-07-24,/Volumes/Pics/2025/2025-mp3/2025/Dividing America  Project 2025's Attack on th.mp3
resized_5-Strengthening National Defense_ Overcoming Leftist Politics and Recruitment ChallengesTEMP_MPY_wvf_snd.mp3,1:03,994.12 KB,10-07-24,/Volumes/Pics/2025/2025-mp3/2025/resized_5-Strengthening National Defense_ Overcoming Leftist Politics and Recruitment ChallengesTEMP_MPY_wvf_snd.mp3
Silencing Dissent  Project 2025's Attack on F.mp3,0:52,813.72 KB,10-07-24,/Volumes/Pics/2025/2025-mp3/2025/Silencing Dissent  Project 2025's Attack on F.mp3
resized_4-Upholding the Constitution_ A Conservative Administration's GuideTEMP_MPY_wvf_snd.mp3,0:29,463.51 KB,10-07-24,/Volumes/Pics/2025/2025-mp3/2025/resized_4-Upholding the Constitution_ A Conservative Administration's GuideTEMP_MPY_wvf_snd.mp3
The Imminent Threat of Project 2025  Why We M.mp3,0:52,823.92 KB,10-07-24,/Volumes/Pics/2025/2025-mp3/2025/The Imminent Threat of Project 2025  Why We M.mp3
The Hidden Threat  Project 2025's Radical Age.mp3,0:48,754.12 KB,10-07-24,/Volumes/Pics/2025/2025-mp3/2025/The Hidden Threat  Project 2025's Radical Age.mp3
Deep State Conspiracies  Project 2025's Attac.mp3,0:49,780.25 KB,10-07-24,/Volumes/Pics/2025/2025-mp3/2025/Deep State Conspiracies  Project 2025's Attac.mp3
Heritage of Hate_ The White Supremacist  2024-09-07_tempTEMP_MPY_wvf_snd.mp3,11:21,10.40 MB,10-07-24,/Volumes/Pics/2025/2025-mp3/2025/Heritage of Hate_ The White Supremacist  2024-09-07_tempTEMP_MPY_wvf_snd.mp3
Heritage-of-Hate_-The-White-Supremacist--2024-09-07-resizedTEMP_MPY_wvf_snd.mp3,11:21,10.40 MB,10-07-24,/Volumes/Pics/2025/2025-mp3/2025/Heritage-of-Hate_-The-White-Supremacist--2024-09-07-resizedTEMP_MPY_wvf_snd.mp3
Dumpster Brew_tempTEMP_MPY_wvf_snd.mp3,2:45,2.53 MB,10-07-24,/Volumes/Pics/2025/2025-mp3/trashy/Dumpster Brew_tempTEMP_MPY_wvf_snd.mp3
Whisper-of-the-Willow.mp3,3:59,5.48 MB,10-07-24,/Volumes/Pics/2025/2025-mp3/trashy/Whisper-of-the-Willow.mp3
Howling-Cat's-Song.mp3,2:36,3.59 MB,10-07-24,/Volumes/Pics/2025/2025-mp3/trashy/Howling-Cat's-Song.mp3
Blues-in-the-Moonlit-Nights.mp3,2:51,3.92 MB,10-07-24,/Volumes/Pics/2025/2025-mp3/trashy/Blues-in-the-Moonlit-Nights.mp3
junkyard-symphony-scraps.mp3,3:11,4.39 MB,10-07-24,/Volumes/Pics/2025/2025-mp3/trashy/junkyard-symphony-scraps.mp3
blues-in-the-alley-haunted-strings-nocturnal-notes.mp3,4:00,5.49 MB,10-07-24,/Volumes/Pics/2025/2025-mp3/trashy/blues-in-the-alley-haunted-strings-nocturnal-notes.mp3
Rubbish-Love.mp3,3:05,4.26 MB,10-07-24,/Volumes/Pics/2025/2025-mp3/trashy/Rubbish-Love.mp3
The Raccoon's Revelry.mp3,2:06,2.89 MB,10-07-24,/Volumes/Pics/2025/2025-mp3/trashy/The Raccoon's Revelry.mp3
Recycled-Symphony2.mp3,3:02,4.19 MB,10-07-24,/Volumes/Pics/2025/2025-mp3/trashy/Recycled-Symphony2.mp3
Moonly-Alley-(1).mp3,1:29,2.05 MB,10-07-24,/Volumes/Pics/2025/2025-mp3/trashy/Moonly-Alley-(1).mp3
Blues in the Alley Haunted Strings Nocturnal Notes.mp3,4:00,5.50 MB,10-07-24,/Volumes/Pics/2025/2025-mp3/trashy/Blues in the Alley Haunted Strings Nocturnal Notes.mp3
Marching-Shadows-(Cover).mp3,2:58,4.09 MB,10-07-24,/Volumes/Pics/2025/2025-mp3/trashy/Marching-Shadows-(Cover).mp3
Junky Symphony.mp3,2:55,4.02 MB,10-07-24,/Volumes/Pics/2025/2025-mp3/trashy/Junky Symphony.mp3
Beautiful-Mess.mp3,3:15,4.46 MB,10-07-24,/Volumes/Pics/2025/2025-mp3/trashy/Beautiful-Mess.mp3
Mando-grogu-star-comp_tempTEMP_MPY_wvf_snd.mp3,1:51,1.70 MB,10-07-24,/Volumes/Pics/2025/2025-mp3/trashy/Mando-grogu-star-comp_tempTEMP_MPY_wvf_snd.mp3
Dumpster Fire Happy Hour backalley-live-punk-ROCK 2.mp3,2:34,5.88 MB,10-07-24,/Volumes/Pics/2025/2025-mp3/trashy/Dumpster Fire Happy Hour backalley-live-punk-ROCK 2.mp3
Love-in-Imperfection.mp3,3:40,5.05 MB,10-07-24,/Volumes/Pics/2025/2025-mp3/trashy/Love-in-Imperfection.mp3
in-This-aLLey-Where-i-HiDe.mp3,3:13,4.44 MB,10-07-24,/Volumes/Pics/2025/2025-mp3/trashy/in-This-aLLey-Where-i-HiDe.mp3
Heartbeats-in-the-Dark.mp3,4:00,5.50 MB,10-07-24,/Volumes/Pics/2025/2025-mp3/trashy/Heartbeats-in-the-Dark.mp3
"Love-is-Rubbish,-and-Rubbish-is-Love.mp3",2:44,3.76 MB,10-07-24,"/Volumes/Pics/2025/2025-mp3/trashy/Love-is-Rubbish,-and-Rubbish-is-Love.mp3"
Moonly Alley4.mp3,1:25,1.97 MB,10-07-24,/Volumes/Pics/2025/2025-mp3/trashy/Moonly Alley4.mp3
Moonlit-Reverie (2).mp3,3:40,5.04 MB,10-07-24,/Volumes/Pics/2025/2025-mp3/trashy/Moonlit-Reverie (2).mp3
No-More-Love-Songs.mp3,2:32,3.49 MB,10-07-24,/Volumes/Pics/2025/2025-mp3/trashy/No-More-Love-Songs.mp3
Moonly-Alley4.mp3,1:25,1.97 MB,10-07-24,/Volumes/Pics/2025/2025-mp3/trashy/Moonly-Alley4.mp3
Cannon Blastin_tempTEMP_MPY_wvf_snd.mp3,2:45,2.52 MB,10-07-24,/Volumes/Pics/2025/2025-mp3/trashy/Cannon Blastin_tempTEMP_MPY_wvf_snd.mp3
Shadow Messages.mp3,2:26,3.36 MB,10-07-24,/Volumes/Pics/2025/2025-mp3/trashy/Shadow Messages.mp3
Marching-ever-forward-neath-the-wooded-s2.mp3,3:09,4.33 MB,10-07-24,/Volumes/Pics/2025/2025-mp3/trashy/Marching-ever-forward-neath-the-wooded-s2.mp3
The-Sound-of-Ancestors2.mp3,2:11,3.01 MB,10-07-24,/Volumes/Pics/2025/2025-mp3/trashy/The-Sound-of-Ancestors2.mp3
Marching-ever-forward-neath-the-wooded-s.mp3,2:56,4.04 MB,10-07-24,/Volumes/Pics/2025/2025-mp3/trashy/Marching-ever-forward-neath-the-wooded-s.mp3
Recycled Symphony_tempTEMP_MPY_wvf_snd.mp3,3:05,2.83 MB,10-07-24,/Volumes/Pics/2025/2025-mp3/trashy/Recycled Symphony_tempTEMP_MPY_wvf_snd.mp3
Recycled Symphony2.mp3,3:02,4.19 MB,10-07-24,/Volumes/Pics/2025/2025-mp3/trashy/Recycled Symphony2.mp3
Anti-Love Struck_tempTEMP_MPY_wvf_snd.mp3,2:18,2.12 MB,10-07-24,/Volumes/Pics/2025/2025-mp3/trashy/Anti-Love Struck_tempTEMP_MPY_wvf_snd.mp3
Moonly Alley2.mp3,1:23,1.90 MB,10-07-24,/Volumes/Pics/2025/2025-mp3/trashy/Moonly Alley2.mp3
Icarus_ The Flight and Fall 2024-09-07_tempTEMP_MPY_wvf_snd.mp3,2:33,2.34 MB,10-07-24,/Volumes/Pics/2025/2025-mp3/trashy/Icarus_ The Flight and Fall 2024-09-07_tempTEMP_MPY_wvf_snd.mp3
Heartbeats in the Dark.mp3,4:00,5.50 MB,10-07-24,/Volumes/Pics/2025/2025-mp3/trashy/Heartbeats in the Dark.mp3
Howligritty Nights.mp3,2:49,3.89 MB,10-07-24,/Volumes/Pics/2025/2025-mp3/trashy/Howligritty Nights.mp3
Moonly Alley3.mp3,1:29,2.04 MB,10-07-24,/Volumes/Pics/2025/2025-mp3/trashy/Moonly Alley3.mp3
Dance-Like-Nobody's-Watching.mp3,2:19,3.19 MB,10-07-24,/Volumes/Pics/2025/2025-mp3/trashy/Dance-Like-Nobody's-Watching.mp3
TrashCaTs - HeartBreak aLLey by @avatararts ｜ Suno (1) [08ec1b4a-6a61-4c47-92eb-f3b9e9a9bb44-1].mp3,0:30,1.14 MB,10-07-24,/Volumes/Pics/2025/2025-mp3/trashy/TrashCaTs - HeartBreak aLLey by @avatararts ｜ Suno (1) [08ec1b4a-6a61-4c47-92eb-f3b9e9a9bb44-1].mp3
Moonly-Alley2.mp3,1:23,1.90 MB,10-07-24,/Volumes/Pics/2025/2025-mp3/trashy/Moonly-Alley2.mp3
Royalty-of-Refuse.mp3,3:47,5.22 MB,10-07-24,/Volumes/Pics/2025/2025-mp3/trashy/Royalty-of-Refuse.mp3
Junkyard Moon Symphony4.mp3,2:59,4.11 MB,10-07-24,/Volumes/Pics/2025/2025-mp3/trashy/Junkyard Moon Symphony4.mp3
Howligritty-Nights.mp3,2:49,3.89 MB,10-07-24,/Volumes/Pics/2025/2025-mp3/trashy/Howligritty-Nights.mp3
JunkYard Destiny_tempTEMP_MPY_wvf_snd.mp3,3:39,3.36 MB,10-07-24,/Volumes/Pics/2025/2025-mp3/trashy/JunkYard Destiny_tempTEMP_MPY_wvf_snd.mp3
The Alley King.mp3,2:39,3.65 MB,10-07-24,/Volumes/Pics/2025/2025-mp3/trashy/The Alley King.mp3
The-Sound-of-Ancestors.mp3,3:04,4.22 MB,10-07-24,/Volumes/Pics/2025/2025-mp3/trashy/The-Sound-of-Ancestors.mp3
Dumpster Fire Happy Hour backalley-live-punk-ROCK.mp3,2:34,5.88 MB,10-07-24,/Volumes/Pics/2025/2025-mp3/trashy/Dumpster Fire Happy Hour backalley-live-punk-ROCK.mp3
"Love is Rubbish, and Rubbish is Love.mp3",2:44,3.76 MB,10-07-24,"/Volumes/Pics/2025/2025-mp3/trashy/Love is Rubbish, and Rubbish is Love.mp3"
Howling Cat's Song.mp3,2:36,3.59 MB,10-07-24,/Volumes/Pics/2025/2025-mp3/trashy/Howling Cat's Song.mp3
in This aLLey Where i HiDe2.mp3,2:39,3.66 MB,10-07-24,/Volumes/Pics/2025/2025-mp3/trashy/in This aLLey Where i HiDe2.mp3
Enchanted-Woods2.mp3,2:37,3.61 MB,10-07-24,/Volumes/Pics/2025/2025-mp3/trashy/Enchanted-Woods2.mp3
Enchanted-Woods.mp3,3:31,4.83 MB,10-07-24,/Volumes/Pics/2025/2025-mp3/trashy/Enchanted-Woods.mp3
Moonly-Alley-Serenade.mp3,2:57,4.06 MB,10-07-24,/Volumes/Pics/2025/2025-mp3/trashy/Moonly-Alley-Serenade.mp3
The-Raccoon's-Revelry.mp3,2:06,2.89 MB,10-07-24,/Volumes/Pics/2025/2025-mp3/trashy/The-Raccoon's-Revelry.mp3
Junkyard Dream Symphony5.mp3,2:11,3.01 MB,10-07-24,/Volumes/Pics/2025/2025-mp3/trashy/Junkyard Dream Symphony5.mp3
Moonlit-Reverie (1).mp3,3:40,5.04 MB,10-07-24,/Volumes/Pics/2025/2025-mp3/trashy/Moonlit-Reverie (1).mp3
Enchanted Woods2.mp3,2:37,3.61 MB,10-07-24,/Volumes/Pics/2025/2025-mp3/trashy/Enchanted Woods2.mp3
Blues-in-the-Alley-Haunted-Strings-Nocturnal-Notes2.mp3,3:16,4.51 MB,10-07-24,/Volumes/Pics/2025/2025-mp3/trashy/Blues-in-the-Alley-Haunted-Strings-Nocturnal-Notes2.mp3
Junky-Symphony.mp3,2:55,4.02 MB,10-07-24,/Volumes/Pics/2025/2025-mp3/trashy/Junky-Symphony.mp3
Back-Alley-Dumpster-Fire.mp3,0:59,931.17 KB,10-07-24,/Volumes/Pics/2025/2025-mp3/trashy/Back-Alley-Dumpster-Fire.mp3
The Sound of Ancestors2.mp3,2:11,3.01 MB,10-07-24,/Volumes/Pics/2025/2025-mp3/trashy/The Sound of Ancestors2.mp3
Junky Symphony2.mp3,2:12,3.02 MB,10-07-24,/Volumes/Pics/2025/2025-mp3/trashy/Junky Symphony2.mp3
Marching-Shadows.mp3,3:10,4.37 MB,10-07-24,/Volumes/Pics/2025/2025-mp3/trashy/Marching-Shadows.mp3
Junky-Symphony2.mp3,2:12,3.02 MB,10-07-24,/Volumes/Pics/2025/2025-mp3/trashy/Junky-Symphony2.mp3
Back Alley Dumpster Fire.mp3,0:59,931.17 KB,10-07-24,/Volumes/Pics/2025/2025-mp3/trashy/Back Alley Dumpster Fire.mp3
Junkyard-Moon-Symphony4.mp3,2:59,4.11 MB,10-07-24,/Volumes/Pics/2025/2025-mp3/trashy/Junkyard-Moon-Symphony4.mp3
Junkyard-Dream-Symphony5.mp3,2:11,3.01 MB,10-07-24,/Volumes/Pics/2025/2025-mp3/trashy/Junkyard-Dream-Symphony5.mp3
Shadow-Messages.mp3,2:26,3.36 MB,10-07-24,/Volumes/Pics/2025/2025-mp3/trashy/Shadow-Messages.mp3
Echoes of Yesterday.mp3,3:30,4.82 MB,10-07-24,/Volumes/Pics/2025/2025-mp3/trashy/Echoes of Yesterday.mp3
Enchanted Woods.mp3,3:31,4.83 MB,10-07-24,/Volumes/Pics/2025/2025-mp3/trashy/Enchanted Woods.mp3
The-Alley-King.mp3,2:39,3.65 MB,10-07-24,/Volumes/Pics/2025/2025-mp3/trashy/The-Alley-King.mp3
Dumpster-Fire-Happy-Hour-backalley-live-punk-ROCK.mp3,2:34,5.88 MB,10-07-24,/Volumes/Pics/2025/2025-mp3/trashy/Dumpster-Fire-Happy-Hour-backalley-live-punk-ROCK.mp3
Concrete Jungle Rumble_tempTEMP_MPY_wvf_snd.mp3,0:00,768.00 KB,10-07-24,/Volumes/Pics/2025/2025-mp3/trashy/Concrete Jungle Rumble_tempTEMP_MPY_wvf_snd.mp3
9.mp3,0:53,209.44 KB,10-07-24,/Volumes/Pics/2025/2025-mp3/trashy/9.mp3
Whisper of the Willow.mp3,3:59,5.48 MB,10-07-24,/Volumes/Pics/2025/2025-mp3/trashy/Whisper of the Willow.mp3
Moonlit-Reverie.mp3,3:40,5.04 MB,10-07-24,/Volumes/Pics/2025/2025-mp3/trashy/Moonlit-Reverie.mp3
Love in Imperfection.mp3,3:40,5.05 MB,10-07-24,/Volumes/Pics/2025/2025-mp3/trashy/Love in Imperfection.mp3
Beautiful Mess.mp3,3:15,4.47 MB,10-07-24,/Volumes/Pics/2025/2025-mp3/trashy/Beautiful Mess.mp3
Moonly Alley Serenade.mp3,2:57,4.06 MB,10-07-24,/Volumes/Pics/2025/2025-mp3/trashy/Moonly Alley Serenade.mp3
Junkyard Kings_tempTEMP_MPY_wvf_snd.mp3,0:00,3.00 MB,10-07-24,/Volumes/Pics/2025/2025-mp3/trashy/Junkyard Kings_tempTEMP_MPY_wvf_snd.mp3
The Sound of Ancestors.mp3,3:04,4.22 MB,10-07-24,/Volumes/Pics/2025/2025-mp3/trashy/The Sound of Ancestors.mp3
Moonly Alley (1).mp3,1:29,2.05 MB,10-07-24,/Volumes/Pics/2025/2025-mp3/trashy/Moonly Alley (1).mp3
in-This-aLLey-Where-i-HiDe2.mp3,2:39,3.66 MB,10-07-24,/Volumes/Pics/2025/2025-mp3/trashy/in-This-aLLey-Where-i-HiDe2.mp3
Moonlit Reverie.mp3,3:40,5.04 MB,10-07-24,/Volumes/Pics/2025/2025-mp3/trashy/Moonlit Reverie.mp3
Project 2025's Four Pillars_ A Blueprint for Conservative Leadership.mp3,0:58,1.35 MB,09-14-24,/Volumes/Pics/Suno-Merge/mp3/Project 2025's Four Pillars_ A Blueprint for Conservative Leadership.mp3
whisper-of-the-willow.mp3,3:59,5.48 MB,10-06-24,/Volumes/Pics/Suno-Merge/mp3/whisper-of-the-willow.mp3
Brave.mp3,3:51,7.14 MB,09-14-24,/Volumes/Pics/Suno-Merge/mp3/Brave.mp3
junkyard-symphony-scraps.mp3,3:11,4.39 MB,10-06-24,/Volumes/Pics/Suno-Merge/mp3/junkyard-symphony-scraps.mp3
blues-in-the-alley-haunted-strings-nocturnal-notes.mp3,4:00,5.49 MB,10-06-24,/Volumes/Pics/Suno-Merge/mp3/blues-in-the-alley-haunted-strings-nocturnal-notes.mp3
The Raccoon's Revelry.mp3,2:06,2.89 MB,10-06-24,/Volumes/Pics/Suno-Merge/mp3/The Raccoon's Revelry.mp3
Moonly Alley by _avatararts _ Suno.mp3,0:30,1.15 MB,09-14-24,/Volumes/Pics/Suno-Merge/mp3/Moonly Alley by _avatararts _ Suno.mp3
Blues in the Alley Haunted Strings Nocturnal Notes.mp3,4:00,5.50 MB,09-14-24,/Volumes/Pics/Suno-Merge/mp3/Blues in the Alley Haunted Strings Nocturnal Notes.mp3
Away From You — Mauro Somm   Free Background Music   Audio Library Release.mp3,4:12,3.94 MB,09-14-24,/Volumes/Pics/Suno-Merge/mp3/Away From You — Mauro Somm   Free Background Music   Audio Library Release.mp3
Project2025-Buried in the Shadows.mp3,1:08,1.89 MB,09-14-24,/Volumes/Pics/Suno-Merge/mp3/Project2025-Buried in the Shadows.mp3
Junky Symphony.mp3,2:55,4.02 MB,10-06-24,/Volumes/Pics/Suno-Merge/mp3/Junky Symphony.mp3
The Medicine Box - Medicine Music.mp3,6:03,5.69 MB,09-14-24,/Volumes/Pics/Suno-Merge/mp3/The Medicine Box - Medicine Music.mp3
beautiful-mess.mp3,3:15,4.46 MB,10-06-24,/Volumes/Pics/Suno-Merge/mp3/beautiful-mess.mp3
Project 2025_ A Looming Shadow of DooM-1280-FinAL.mp3,9:12,16.88 MB,09-14-24,/Volumes/Pics/Suno-Merge/mp3/Project 2025_ A Looming Shadow of DooM-1280-FinAL.mp3
Dbl-Outtro Musicspl2.mp3,0:10,239.89 KB,09-14-24,/Volumes/Pics/Suno-Merge/mp3/Dbl-Outtro Musicspl2.mp3
The Medicine Box - Your Mother - Dub Mix.mp3,4:44,4.47 MB,09-14-24,/Volumes/Pics/Suno-Merge/mp3/The Medicine Box - Your Mother - Dub Mix.mp3
love-in-imperfection.mp3,3:40,5.05 MB,10-06-24,/Volumes/Pics/Suno-Merge/mp3/love-in-imperfection.mp3
Project2025--Mandate oF HaTe-DomesticTerroist Manifesto and Threats-6min.mp3,6:46,10.30 MB,09-14-24,/Volumes/Pics/Suno-Merge/mp3/Project2025--Mandate oF HaTe-DomesticTerroist Manifesto and Threats-6min.mp3
Project 2025_ A Strategic Approach to Federal Reform.mp3,0:35,838.46 KB,09-14-24,/Volumes/Pics/Suno-Merge/mp3/Project 2025_ A Strategic Approach to Federal Reform.mp3
Moonly Alley4.mp3,1:25,1.97 MB,10-06-24,/Volumes/Pics/Suno-Merge/mp3/Moonly Alley4.mp3
91-120output.mp3,11:08,4.66 MB,09-14-24,/Volumes/Pics/Suno-Merge/mp3/91-120output.mp3
Project2025Mandate oF HaTe-terrifying.mp3,5:19,9.76 MB,09-14-24,/Volumes/Pics/Suno-Merge/mp3/Project2025Mandate oF HaTe-terrifying.mp3
Acapela Box _ create your text to speech messages(1).mp3,3:42,1.27 MB,09-14-24,/Volumes/Pics/Suno-Merge/mp3/Acapela Box _ create your text to speech messages(1).mp3
Dbl-Outtro Musicspl.mp3,0:10,238.66 KB,09-14-24,/Volumes/Pics/Suno-Merge/mp3/Dbl-Outtro Musicspl.mp3
Shadow Messages.mp3,2:26,3.36 MB,09-14-24,/Volumes/Pics/Suno-Merge/mp3/Shadow Messages.mp3
The Conservative Blueprint 2024-07-14.mp3,5:24,7.44 MB,09-14-24,/Volumes/Pics/Suno-Merge/mp3/The Conservative Blueprint 2024-07-14.mp3
1-30output.mp3,11:02,2.87 MB,09-14-24,/Volumes/Pics/Suno-Merge/mp3/1-30output.mp3
Recycled Symphony2.mp3,3:02,4.19 MB,10-06-24,/Volumes/Pics/Suno-Merge/mp3/Recycled Symphony2.mp3
Acapela Box _ create your text to speech messages.mp3,3:41,1.27 MB,09-14-24,/Volumes/Pics/Suno-Merge/mp3/Acapela Box _ create your text to speech messages.mp3
Learning from Reagan_ The Mandate for Leadership and Project 2025.mp3,0:33,780.33 KB,09-14-24,/Volumes/Pics/Suno-Merge/mp3/Learning from Reagan_ The Mandate for Leadership and Project 2025.mp3
Moonly Alley2.mp3,1:23,1.90 MB,10-06-24,/Volumes/Pics/Suno-Merge/mp3/Moonly Alley2.mp3
Heartbeats in the Dark.mp3,4:00,5.50 MB,09-14-24,/Volumes/Pics/Suno-Merge/mp3/Heartbeats in the Dark.mp3
Howligritty Nights.mp3,2:49,3.89 MB,10-06-24,/Volumes/Pics/Suno-Merge/mp3/Howligritty Nights.mp3
Moonly Alley3.mp3,1:29,2.04 MB,10-06-24,/Volumes/Pics/Suno-Merge/mp3/Moonly Alley3.mp3
The Medicine Box - Imagine - Traditional Mix.mp3,5:15,4.96 MB,09-14-24,/Volumes/Pics/Suno-Merge/mp3/The Medicine Box - Imagine - Traditional Mix.mp3
31-60output.mp3,11:03,3.91 MB,09-14-24,/Volumes/Pics/Suno-Merge/mp3/31-60output.mp3
Song for the Witcher  by @killeen ｜ Suno (1) [d9782181-a1a3-4260-9a4e-dcf3b63c2694-1].mp3,0:30,1.15 MB,09-14-24,/Volumes/Pics/Suno-Merge/mp3/Song for the Witcher  by @killeen ｜ Suno (1) [d9782181-a1a3-4260-9a4e-dcf3b63c2694-1].mp3
Junkyard Moon Symphony4.mp3,2:59,4.11 MB,10-06-24,/Volumes/Pics/Suno-Merge/mp3/Junkyard Moon Symphony4.mp3
The Last Ballad_ Exposing the Lies of Project 2025.mp3,4:00,5.50 MB,09-14-24,/Volumes/Pics/Suno-Merge/mp3/The Last Ballad_ Exposing the Lies of Project 2025.mp3
The Medicine Box - Leave a Message.mp3,3:33,3.40 MB,09-14-24,/Volumes/Pics/Suno-Merge/mp3/The Medicine Box - Leave a Message.mp3
The Alley King.mp3,2:39,3.65 MB,10-06-24,/Volumes/Pics/Suno-Merge/mp3/The Alley King.mp3
A Call to Action_ Joining Forces for America's 250th Birthday.mp3,0:19,303.37 KB,09-14-24,/Volumes/Pics/Suno-Merge/mp3/A Call to Action_ Joining Forces for America's 250th Birthday.mp3
Dumpster Fire Happy Hour backalley-live-punk-ROCK.mp3,2:34,5.88 MB,10-06-24,/Volumes/Pics/Suno-Merge/mp3/Dumpster Fire Happy Hour backalley-live-punk-ROCK.mp3
"Love is Rubbish, and Rubbish is Love.mp3",2:44,3.76 MB,09-14-24,"/Volumes/Pics/Suno-Merge/mp3/Love is Rubbish, and Rubbish is Love.mp3"
Howling Cat's Song.mp3,2:36,3.59 MB,10-06-24,/Volumes/Pics/Suno-Merge/mp3/Howling Cat's Song.mp3
2025-first.MP3,7:31,6.89 MB,09-14-24,/Volumes/Pics/Suno-Merge/mp3/2025-first.MP3
Don't Wanna See You No More.mp3,3:36,4.95 MB,09-14-24,/Volumes/Pics/Suno-Merge/mp3/Don't Wanna See You No More.mp3
daughterofdestiny.mp3,31:04,71.12 MB,09-14-24,/Volumes/Pics/Suno-Merge/mp3/daughterofdestiny.mp3
121-127output.mp3,2:34,603.32 KB,09-14-24,/Volumes/Pics/Suno-Merge/mp3/121-127output.mp3
in This aLLey Where i HiDe2.mp3,2:39,3.66 MB,10-06-24,/Volumes/Pics/Suno-Merge/mp3/in This aLLey Where i HiDe2.mp3
 The Looming Threat.mp3,2:50,2.60 MB,09-14-24,/Volumes/Pics/Suno-Merge/mp3/ The Looming Threat.mp3
enchanted-woods.mp3,3:31,4.83 MB,10-06-24,/Volumes/Pics/Suno-Merge/mp3/enchanted-woods.mp3
Project 2025_ Learning from the Reagan Era.mp3,0:29,692.12 KB,09-14-24,/Volumes/Pics/Suno-Merge/mp3/Project 2025_ Learning from the Reagan Era.mp3
Suno Light - Dreaming of You.mp3,3:45,4.44 MB,09-14-24,/Volumes/Pics/Suno-Merge/mp3/Suno Light - Dreaming of You.mp3
Junkyard Dream Symphony5.mp3,2:11,3.01 MB,10-06-24,/Volumes/Pics/Suno-Merge/mp3/Junkyard Dream Symphony5.mp3
Enchanted Woods2.mp3,2:37,3.61 MB,10-06-24,/Volumes/Pics/Suno-Merge/mp3/Enchanted Woods2.mp3
Acapela Box _ create your text to speech messages(2).mp3,3:43,1.28 MB,09-14-24,/Volumes/Pics/Suno-Merge/mp3/Acapela Box _ create your text to speech messages(2).mp3
The Sound of Ancestors2.mp3,2:11,3.01 MB,10-06-24,/Volumes/Pics/Suno-Merge/mp3/The Sound of Ancestors2.mp3
Junky Symphony2.mp3,2:12,3.02 MB,10-06-24,/Volumes/Pics/Suno-Merge/mp3/Junky Symphony2.mp3
marching-shadows.mp3,3:38,5.01 MB,09-14-24,/Volumes/Pics/Suno-Merge/mp3/marching-shadows.mp3
Away From You — Mauro Somm .mp3,4:12,3.91 MB,09-14-24,/Volumes/Pics/Suno-Merge/mp3/Away From You — Mauro Somm .mp3
Navigating the Federal Bureaucracy_ Challenges for Conservatives.mp3,0:32,772.39 KB,09-14-24,/Volumes/Pics/Suno-Merge/mp3/Navigating the Federal Bureaucracy_ Challenges for Conservatives.mp3
Back Alley Dumpster Fire.mp3,0:59,931.17 KB,10-06-24,/Volumes/Pics/Suno-Merge/mp3/Back Alley Dumpster Fire.mp3
Project2025-DomesticChristianTerrorism.mp3,2:24,4.40 MB,09-14-24,/Volumes/Pics/Suno-Merge/mp3/Project2025-DomesticChristianTerrorism.mp3
Project2025-16_9.mp3,2:38,3.62 MB,09-14-24,/Volumes/Pics/Suno-Merge/mp3/Project2025-16_9.mp3
Marching ever forward neath the wooded s2.mp3,3:09,4.33 MB,09-14-24,/Volumes/Pics/Suno-Merge/mp3/Marching ever forward neath the wooded s2.mp3
000.MP3,4:39,4.27 MB,09-14-24,/Volumes/Pics/Suno-Merge/mp3/000.MP3
61-90output.mp3,11:03,3.24 MB,09-14-24,/Volumes/Pics/Suno-Merge/mp3/61-90output.mp3
Echoes of Yesterday.mp3,3:30,4.82 MB,09-14-24,/Volumes/Pics/Suno-Merge/mp3/Echoes of Yesterday.mp3
Project 2025_ Defy Defeat.mp3,2:40,3.68 MB,09-14-24,/Volumes/Pics/Suno-Merge/mp3/Project 2025_ Defy Defeat.mp3
Whisper of the Willow.mp3,3:59,5.48 MB,09-14-24,/Volumes/Pics/Suno-Merge/mp3/Whisper of the Willow.mp3
Love in Imperfection.mp3,3:40,5.05 MB,09-14-24,/Volumes/Pics/Suno-Merge/mp3/Love in Imperfection.mp3
Project2025-content.mp3,1:20,1.23 MB,09-14-24,/Volumes/Pics/Suno-Merge/mp3/Project2025-content.mp3
Beautiful Mess.mp3,3:15,4.47 MB,09-14-24,/Volumes/Pics/Suno-Merge/mp3/Beautiful Mess.mp3
Moonly Alley Serenade.mp3,2:57,4.06 MB,10-06-24,/Volumes/Pics/Suno-Merge/mp3/Moonly Alley Serenade.mp3
The Sound of Ancestors.mp3,3:04,4.22 MB,10-06-24,/Volumes/Pics/Suno-Merge/mp3/The Sound of Ancestors.mp3
Moonly Alley (1).mp3,1:29,2.05 MB,10-06-24,/Volumes/Pics/Suno-Merge/mp3/Moonly Alley (1).mp3
Your DaYs i SaVe tHems by _avatararts _ Suno.mp3,0:30,1.15 MB,09-14-24,/Volumes/Pics/Suno-Merge/mp3/Your DaYs i SaVe tHems by _avatararts _ Suno.mp3
Moonlit Reverie.mp3,3:40,5.04 MB,09-14-24,/Volumes/Pics/Suno-Merge/mp3/Moonlit Reverie.mp3
Dumpster Brew_tempTEMP_MPY_wvf_snd.mp3,2:45,2.53 MB,10-07-24,/Volumes/Pics/neon-punk-player/dist/mp3/Dumpster Brew_tempTEMP_MPY_wvf_snd.mp3
Whisper-of-the-Willow.mp3,3:59,5.48 MB,10-07-24,/Volumes/Pics/neon-punk-player/dist/mp3/Whisper-of-the-Willow.mp3
Howling-Cat's-Song.mp3,2:36,3.59 MB,10-07-24,/Volumes/Pics/neon-punk-player/dist/mp3/Howling-Cat's-Song.mp3
Blues-in-the-Moonlit-Nights.mp3,2:51,3.92 MB,10-07-24,/Volumes/Pics/neon-punk-player/dist/mp3/Blues-in-the-Moonlit-Nights.mp3
junkyard-symphony-scraps.mp3,3:11,4.39 MB,10-07-24,/Volumes/Pics/neon-punk-player/dist/mp3/junkyard-symphony-scraps.mp3
blues-in-the-alley-haunted-strings-nocturnal-notes.mp3,4:00,5.49 MB,10-07-24,/Volumes/Pics/neon-punk-player/dist/mp3/blues-in-the-alley-haunted-strings-nocturnal-notes.mp3
Rubbish-Love.mp3,3:05,4.26 MB,10-07-24,/Volumes/Pics/neon-punk-player/dist/mp3/Rubbish-Love.mp3
The Raccoon's Revelry.mp3,2:06,2.89 MB,10-07-24,/Volumes/Pics/neon-punk-player/dist/mp3/The Raccoon's Revelry.mp3
Recycled-Symphony2.mp3,3:02,4.19 MB,10-07-24,/Volumes/Pics/neon-punk-player/dist/mp3/Recycled-Symphony2.mp3
Moonly-Alley-(1).mp3,1:29,2.05 MB,10-07-24,/Volumes/Pics/neon-punk-player/dist/mp3/Moonly-Alley-(1).mp3
Blues in the Alley Haunted Strings Nocturnal Notes.mp3,4:00,5.50 MB,10-07-24,/Volumes/Pics/neon-punk-player/dist/mp3/Blues in the Alley Haunted Strings Nocturnal Notes.mp3
Marching-Shadows-(Cover).mp3,2:58,4.09 MB,10-07-24,/Volumes/Pics/neon-punk-player/dist/mp3/Marching-Shadows-(Cover).mp3
Junky Symphony.mp3,2:55,4.02 MB,10-07-24,/Volumes/Pics/neon-punk-player/dist/mp3/Junky Symphony.mp3
Beautiful-Mess.mp3,3:15,4.46 MB,10-07-24,/Volumes/Pics/neon-punk-player/dist/mp3/Beautiful-Mess.mp3
Mando-grogu-star-comp_tempTEMP_MPY_wvf_snd.mp3,1:51,1.70 MB,10-07-24,/Volumes/Pics/neon-punk-player/dist/mp3/Mando-grogu-star-comp_tempTEMP_MPY_wvf_snd.mp3
Dumpster Fire Happy Hour backalley-live-punk-ROCK 2.mp3,2:34,5.88 MB,10-07-24,/Volumes/Pics/neon-punk-player/dist/mp3/Dumpster Fire Happy Hour backalley-live-punk-ROCK 2.mp3
Love-in-Imperfection.mp3,3:40,5.05 MB,10-07-24,/Volumes/Pics/neon-punk-player/dist/mp3/Love-in-Imperfection.mp3
in-This-aLLey-Where-i-HiDe.mp3,3:13,4.44 MB,10-07-24,/Volumes/Pics/neon-punk-player/dist/mp3/in-This-aLLey-Where-i-HiDe.mp3
Heartbeats-in-the-Dark.mp3,4:00,5.50 MB,10-07-24,/Volumes/Pics/neon-punk-player/dist/mp3/Heartbeats-in-the-Dark.mp3
"Love-is-Rubbish,-and-Rubbish-is-Love.mp3",2:44,3.76 MB,10-07-24,"/Volumes/Pics/neon-punk-player/dist/mp3/Love-is-Rubbish,-and-Rubbish-is-Love.mp3"
Moonly Alley4.mp3,1:25,1.97 MB,10-07-24,/Volumes/Pics/neon-punk-player/dist/mp3/Moonly Alley4.mp3
Moonlit-Reverie (2).mp3,3:40,5.04 MB,10-07-24,/Volumes/Pics/neon-punk-player/dist/mp3/Moonlit-Reverie (2).mp3
No-More-Love-Songs.mp3,2:32,3.49 MB,10-07-24,/Volumes/Pics/neon-punk-player/dist/mp3/No-More-Love-Songs.mp3
Moonly-Alley4.mp3,1:25,1.97 MB,10-07-24,/Volumes/Pics/neon-punk-player/dist/mp3/Moonly-Alley4.mp3
Cannon Blastin_tempTEMP_MPY_wvf_snd.mp3,2:45,2.52 MB,10-07-24,/Volumes/Pics/neon-punk-player/dist/mp3/Cannon Blastin_tempTEMP_MPY_wvf_snd.mp3
Shadow Messages.mp3,2:26,3.36 MB,10-07-24,/Volumes/Pics/neon-punk-player/dist/mp3/Shadow Messages.mp3
Marching-ever-forward-neath-the-wooded-s2.mp3,3:09,4.33 MB,10-07-24,/Volumes/Pics/neon-punk-player/dist/mp3/Marching-ever-forward-neath-the-wooded-s2.mp3
The-Sound-of-Ancestors2.mp3,2:11,3.01 MB,10-07-24,/Volumes/Pics/neon-punk-player/dist/mp3/The-Sound-of-Ancestors2.mp3
Marching-ever-forward-neath-the-wooded-s.mp3,2:56,4.04 MB,10-07-24,/Volumes/Pics/neon-punk-player/dist/mp3/Marching-ever-forward-neath-the-wooded-s.mp3
Recycled Symphony_tempTEMP_MPY_wvf_snd.mp3,3:05,2.83 MB,10-07-24,/Volumes/Pics/neon-punk-player/dist/mp3/Recycled Symphony_tempTEMP_MPY_wvf_snd.mp3
Recycled Symphony2.mp3,3:02,4.19 MB,10-07-24,/Volumes/Pics/neon-punk-player/dist/mp3/Recycled Symphony2.mp3
Anti-Love Struck_tempTEMP_MPY_wvf_snd.mp3,2:18,2.12 MB,10-07-24,/Volumes/Pics/neon-punk-player/dist/mp3/Anti-Love Struck_tempTEMP_MPY_wvf_snd.mp3
Moonly Alley2.mp3,1:23,1.90 MB,10-07-24,/Volumes/Pics/neon-punk-player/dist/mp3/Moonly Alley2.mp3
Icarus_ The Flight and Fall 2024-09-07_tempTEMP_MPY_wvf_snd.mp3,2:33,2.34 MB,10-07-24,/Volumes/Pics/neon-punk-player/dist/mp3/Icarus_ The Flight and Fall 2024-09-07_tempTEMP_MPY_wvf_snd.mp3
Heartbeats in the Dark.mp3,4:00,5.50 MB,10-07-24,/Volumes/Pics/neon-punk-player/dist/mp3/Heartbeats in the Dark.mp3
Howligritty Nights.mp3,2:49,3.89 MB,10-07-24,/Volumes/Pics/neon-punk-player/dist/mp3/Howligritty Nights.mp3
Moonly Alley3.mp3,1:29,2.04 MB,10-07-24,/Volumes/Pics/neon-punk-player/dist/mp3/Moonly Alley3.mp3
Dance-Like-Nobody's-Watching.mp3,2:19,3.19 MB,10-07-24,/Volumes/Pics/neon-punk-player/dist/mp3/Dance-Like-Nobody's-Watching.mp3
TrashCaTs - HeartBreak aLLey by @avatararts ｜ Suno (1) [08ec1b4a-6a61-4c47-92eb-f3b9e9a9bb44-1].mp3,0:30,1.14 MB,10-07-24,/Volumes/Pics/neon-punk-player/dist/mp3/TrashCaTs - HeartBreak aLLey by @avatararts ｜ Suno (1) [08ec1b4a-6a61-4c47-92eb-f3b9e9a9bb44-1].mp3
Moonly-Alley2.mp3,1:23,1.90 MB,10-07-24,/Volumes/Pics/neon-punk-player/dist/mp3/Moonly-Alley2.mp3
Royalty-of-Refuse.mp3,3:47,5.22 MB,10-07-24,/Volumes/Pics/neon-punk-player/dist/mp3/Royalty-of-Refuse.mp3
Junkyard Moon Symphony4.mp3,2:59,4.11 MB,10-07-24,/Volumes/Pics/neon-punk-player/dist/mp3/Junkyard Moon Symphony4.mp3
Howligritty-Nights.mp3,2:49,3.89 MB,10-07-24,/Volumes/Pics/neon-punk-player/dist/mp3/Howligritty-Nights.mp3
JunkYard Destiny_tempTEMP_MPY_wvf_snd.mp3,3:39,3.36 MB,10-07-24,/Volumes/Pics/neon-punk-player/dist/mp3/JunkYard Destiny_tempTEMP_MPY_wvf_snd.mp3
The Alley King.mp3,2:39,3.65 MB,10-07-24,/Volumes/Pics/neon-punk-player/dist/mp3/The Alley King.mp3
The-Sound-of-Ancestors.mp3,3:04,4.22 MB,10-07-24,/Volumes/Pics/neon-punk-player/dist/mp3/The-Sound-of-Ancestors.mp3
Dumpster Fire Happy Hour backalley-live-punk-ROCK.mp3,2:34,5.88 MB,10-07-24,/Volumes/Pics/neon-punk-player/dist/mp3/Dumpster Fire Happy Hour backalley-live-punk-ROCK.mp3
"Love is Rubbish, and Rubbish is Love.mp3",2:44,3.76 MB,10-07-24,"/Volumes/Pics/neon-punk-player/dist/mp3/Love is Rubbish, and Rubbish is Love.mp3"
Howling Cat's Song.mp3,2:36,3.59 MB,10-07-24,/Volumes/Pics/neon-punk-player/dist/mp3/Howling Cat's Song.mp3
in This aLLey Where i HiDe2.mp3,2:39,3.66 MB,10-07-24,/Volumes/Pics/neon-punk-player/dist/mp3/in This aLLey Where i HiDe2.mp3
Enchanted-Woods2.mp3,2:37,3.61 MB,10-07-24,/Volumes/Pics/neon-punk-player/dist/mp3/Enchanted-Woods2.mp3
Enchanted-Woods.mp3,3:31,4.83 MB,10-07-24,/Volumes/Pics/neon-punk-player/dist/mp3/Enchanted-Woods.mp3
Moonly-Alley-Serenade.mp3,2:57,4.06 MB,10-07-24,/Volumes/Pics/neon-punk-player/dist/mp3/Moonly-Alley-Serenade.mp3
The-Raccoon's-Revelry.mp3,2:06,2.89 MB,10-07-24,/Volumes/Pics/neon-punk-player/dist/mp3/The-Raccoon's-Revelry.mp3
Junkyard Dream Symphony5.mp3,2:11,3.01 MB,10-07-24,/Volumes/Pics/neon-punk-player/dist/mp3/Junkyard Dream Symphony5.mp3
Moonlit-Reverie (1).mp3,3:40,5.04 MB,10-07-24,/Volumes/Pics/neon-punk-player/dist/mp3/Moonlit-Reverie (1).mp3
Enchanted Woods2.mp3,2:37,3.61 MB,10-07-24,/Volumes/Pics/neon-punk-player/dist/mp3/Enchanted Woods2.mp3
Blues-in-the-Alley-Haunted-Strings-Nocturnal-Notes2.mp3,3:16,4.51 MB,10-07-24,/Volumes/Pics/neon-punk-player/dist/mp3/Blues-in-the-Alley-Haunted-Strings-Nocturnal-Notes2.mp3
Junky-Symphony.mp3,2:55,4.02 MB,10-07-24,/Volumes/Pics/neon-punk-player/dist/mp3/Junky-Symphony.mp3
Back-Alley-Dumpster-Fire.mp3,0:59,931.17 KB,10-07-24,/Volumes/Pics/neon-punk-player/dist/mp3/Back-Alley-Dumpster-Fire.mp3
The Sound of Ancestors2.mp3,2:11,3.01 MB,10-07-24,/Volumes/Pics/neon-punk-player/dist/mp3/The Sound of Ancestors2.mp3
Junky Symphony2.mp3,2:12,3.02 MB,10-07-24,/Volumes/Pics/neon-punk-player/dist/mp3/Junky Symphony2.mp3
Marching-Shadows.mp3,3:10,4.37 MB,10-07-24,/Volumes/Pics/neon-punk-player/dist/mp3/Marching-Shadows.mp3
Junky-Symphony2.mp3,2:12,3.02 MB,10-07-24,/Volumes/Pics/neon-punk-player/dist/mp3/Junky-Symphony2.mp3
Back Alley Dumpster Fire.mp3,0:59,931.17 KB,10-07-24,/Volumes/Pics/neon-punk-player/dist/mp3/Back Alley Dumpster Fire.mp3
Junkyard-Moon-Symphony4.mp3,2:59,4.11 MB,10-07-24,/Volumes/Pics/neon-punk-player/dist/mp3/Junkyard-Moon-Symphony4.mp3
Junkyard-Dream-Symphony5.mp3,2:11,3.01 MB,10-07-24,/Volumes/Pics/neon-punk-player/dist/mp3/Junkyard-Dream-Symphony5.mp3
Shadow-Messages.mp3,2:26,3.36 MB,10-07-24,/Volumes/Pics/neon-punk-player/dist/mp3/Shadow-Messages.mp3
Echoes of Yesterday.mp3,3:30,4.82 MB,10-07-24,/Volumes/Pics/neon-punk-player/dist/mp3/Echoes of Yesterday.mp3
Enchanted Woods.mp3,3:31,4.83 MB,10-07-24,/Volumes/Pics/neon-punk-player/dist/mp3/Enchanted Woods.mp3
The-Alley-King.mp3,2:39,3.65 MB,10-07-24,/Volumes/Pics/neon-punk-player/dist/mp3/The-Alley-King.mp3
Dumpster-Fire-Happy-Hour-backalley-live-punk-ROCK.mp3,2:34,5.88 MB,10-07-24,/Volumes/Pics/neon-punk-player/dist/mp3/Dumpster-Fire-Happy-Hour-backalley-live-punk-ROCK.mp3
Concrete Jungle Rumble_tempTEMP_MPY_wvf_snd.mp3,0:00,768.00 KB,10-07-24,/Volumes/Pics/neon-punk-player/dist/mp3/Concrete Jungle Rumble_tempTEMP_MPY_wvf_snd.mp3
9.mp3,0:53,209.44 KB,10-07-24,/Volumes/Pics/neon-punk-player/dist/mp3/9.mp3
Whisper of the Willow.mp3,3:59,5.48 MB,10-07-24,/Volumes/Pics/neon-punk-player/dist/mp3/Whisper of the Willow.mp3
Moonlit-Reverie.mp3,3:40,5.04 MB,10-07-24,/Volumes/Pics/neon-punk-player/dist/mp3/Moonlit-Reverie.mp3
Love in Imperfection.mp3,3:40,5.05 MB,10-07-24,/Volumes/Pics/neon-punk-player/dist/mp3/Love in Imperfection.mp3
Beautiful Mess.mp3,3:15,4.47 MB,10-07-24,/Volumes/Pics/neon-punk-player/dist/mp3/Beautiful Mess.mp3
Moonly Alley Serenade.mp3,2:57,4.06 MB,10-07-24,/Volumes/Pics/neon-punk-player/dist/mp3/Moonly Alley Serenade.mp3
Junkyard Kings_tempTEMP_MPY_wvf_snd.mp3,0:00,3.00 MB,10-07-24,/Volumes/Pics/neon-punk-player/dist/mp3/Junkyard Kings_tempTEMP_MPY_wvf_snd.mp3
The Sound of Ancestors.mp3,3:04,4.22 MB,10-07-24,/Volumes/Pics/neon-punk-player/dist/mp3/The Sound of Ancestors.mp3
Moonly Alley (1).mp3,1:29,2.05 MB,10-07-24,/Volumes/Pics/neon-punk-player/dist/mp3/Moonly Alley (1).mp3
in-This-aLLey-Where-i-HiDe2.mp3,2:39,3.66 MB,10-07-24,/Volumes/Pics/neon-punk-player/dist/mp3/in-This-aLLey-Where-i-HiDe2.mp3
Moonlit Reverie.mp3,3:40,5.04 MB,10-07-24,/Volumes/Pics/neon-punk-player/dist/mp3/Moonlit Reverie.mp3
Neon Whisper (2).mp3,1:31,1.40 MB,09-07-24,/Volumes/Pics/steven/Pictures/etsy/3D/Neon Whisper (2).mp3
Neon Whisper (1).mp3,1:49,1.68 MB,09-07-24,/Volumes/Pics/steven/Pictures/etsy/3D/Neon Whisper (1).mp3
Neon Whisper.mp3,1:22,1.26 MB,09-07-24,/Volumes/Pics/steven/Pictures/etsy/3D/Neon Whisper.mp3
VEED CREATE _ Edit(6).mp3,2:20,1.61 MB,09-07-24,/Volumes/Pics/steven/Pictures/etsy/3D/3D-XMas/Audio/VEED CREATE _ Edit(6).mp3
VEED CREATE _ Edit(7).mp3,1:21,952.70 KB,09-07-24,/Volumes/Pics/steven/Pictures/etsy/3D/3D-XMas/Audio/VEED CREATE _ Edit(7).mp3
VEED CREATE _ Edit(11).mp3,1:21,957.70 KB,09-07-24,/Volumes/Pics/steven/Pictures/etsy/3D/3D-XMas/Audio/VEED CREATE _ Edit(11).mp3
VEED CREATE _ Edit(10).mp3,1:54,1.31 MB,09-07-24,/Volumes/Pics/steven/Pictures/etsy/3D/3D-XMas/Audio/VEED CREATE _ Edit(10).mp3
VEED CREATE _ Edit(1).mp3,3:04,2.12 MB,09-07-24,/Volumes/Pics/steven/Pictures/etsy/3D/3D-XMas/Audio/VEED CREATE _ Edit(1).mp3
VEED CREATE _ Edit(13).mp3,0:57,670.76 KB,09-07-24,/Volumes/Pics/steven/Pictures/etsy/3D/3D-XMas/Audio/VEED CREATE _ Edit(13).mp3
VEED CREATE _ Edit(2).mp3,3:11,2.19 MB,09-07-24,/Volumes/Pics/steven/Pictures/etsy/3D/3D-XMas/Audio/VEED CREATE _ Edit(2).mp3
VEED CREATE _ Edit.mp3,3:00,2.06 MB,09-07-24,/Volumes/Pics/steven/Pictures/etsy/3D/3D-XMas/Audio/VEED CREATE _ Edit.mp3
VEED CREATE _ Edit(3).mp3,2:40,1.83 MB,09-07-24,/Volumes/Pics/steven/Pictures/etsy/3D/3D-XMas/Audio/VEED CREATE _ Edit(3).mp3
VEED CREATE _ Edit(12).mp3,0:56,664.64 KB,09-07-24,/Volumes/Pics/steven/Pictures/etsy/3D/3D-XMas/Audio/VEED CREATE _ Edit(12).mp3
VEED CREATE _ Edit(8).mp3,1:11,834.23 KB,09-07-24,/Volumes/Pics/steven/Pictures/etsy/3D/3D-XMas/Audio/VEED CREATE _ Edit(8).mp3
VEED CREATE _ Edit(15).mp3,0:44,524.83 KB,09-07-24,/Volumes/Pics/steven/Pictures/etsy/3D/3D-XMas/Audio/VEED CREATE _ Edit(15).mp3
VEED CREATE _ Edit(4).mp3,1:29,1.02 MB,09-07-24,/Volumes/Pics/steven/Pictures/etsy/3D/3D-XMas/Audio/VEED CREATE _ Edit(4).mp3
VEED CREATE _ Edit(5).mp3,2:56,2.02 MB,09-07-24,/Volumes/Pics/steven/Pictures/etsy/3D/3D-XMas/Audio/VEED CREATE _ Edit(5).mp3
VEED CREATE _ Edit(14).mp3,1:02,733.28 KB,09-07-24,/Volumes/Pics/steven/Pictures/etsy/3D/3D-XMas/Audio/VEED CREATE _ Edit(14).mp3
VEED CREATE _ Edit(9).mp3,1:25,1005.35 KB,09-07-24,/Volumes/Pics/steven/Pictures/etsy/3D/3D-XMas/Audio/VEED CREATE _ Edit(9).mp3
Play.ht - Guilds and Glory 1.mp3,0:33,130.36 KB,10-07-24,/Volumes/Pics/Driver/ESO-Glory/Story-Playht/Play.ht - Guilds and Glory 1.mp3
Play.ht - Guilds and Glory - PeTer.mp3,0:35,138.70 KB,10-07-24,/Volumes/Pics/Driver/ESO-Glory/Story-Playht/Play.ht - Guilds and Glory - PeTer.mp3
"Play.ht - Come Join the Guilds and Glory Event, in...-LUCIUS.mp3",1:10,276.23 KB,10-07-24,"/Volumes/Pics/Driver/ESO-Glory/Story-Playht/Play.ht - Come Join the Guilds and Glory Event, in...-LUCIUS.mp3"
Play.ht - Welcome to the heart of bravery and honor....wav,Unknown,Unknown,10-07-24,/Volumes/Pics/Driver/ESO-Glory/Story-Playht/Play.ht - Welcome to the heart of bravery and honor....wav
Play.ht - The Unfurling had already begun.. subtly....mp3,2:00,472.17 KB,10-07-24,/Volumes/Pics/Driver/ESO-Glory/Story-Playht/Play.ht - The Unfurling had already begun.. subtly....mp3
2-unLock.mp3,0:11,44.01 KB,10-07-24,/Volumes/Pics/Driver/ESO-Glory/Story-Playht/2-unLock.mp3
"Play.ht - Come Join the Guilds and Glory Event, in...-LUCIUS (2).mp3",1:07,262.08 KB,10-07-24,"/Volumes/Pics/Driver/ESO-Glory/Story-Playht/Play.ht - Come Join the Guilds and Glory Event, in...-LUCIUS (2).mp3"
Play.ht - Guilds and Glory -Nolan.mp3,0:33,130.36 KB,10-07-24,/Volumes/Pics/Driver/ESO-Glory/Story-Playht/Play.ht - Guilds and Glory -Nolan.mp3
"Play.ht - Come Join the Guilds and Glory Event, in...-LUCIUS (1).mp3",1:21,317.58 KB,10-07-24,"/Volumes/Pics/Driver/ESO-Glory/Story-Playht/Play.ht - Come Join the Guilds and Glory Event, in...-LUCIUS (1).mp3"
Play.ht - Welcome to the heart of bravery and honor....mp3,0:56,220.36 KB,10-07-24,/Volumes/Pics/Driver/ESO-Glory/Story-Playht/Play.ht - Welcome to the heart of bravery and honor....mp3
Play.ht - The Unfurling had already begun.. subtly....wav,Unknown,Unknown,10-07-24,/Volumes/Pics/Driver/ESO-Glory/Story-Playht/Play.ht - The Unfurling had already begun.. subtly....wav
4 - Ready to flex in Wrothga 6.mp3,0:09,35.58 KB,10-07-24,"/Volumes/Pics/Driver/ESO-Glory/Story-Playht/Play.ht - Come Join the Guilds and Glory Event, in...-LUCIUS (3)/4 - Ready to flex in Wrothga 6.mp3"
6 - Bask in the Gold Coast-s 5.mp3,0:10,39.79 KB,10-07-24,"/Volumes/Pics/Driver/ESO-Glory/Story-Playht/Play.ht - Come Join the Guilds and Glory Event, in...-LUCIUS (3)/6 - Bask in the Gold Coast-s 5.mp3"
2 - Unlock the full experien 7.mp3,0:12,47.29 KB,10-07-24,"/Volumes/Pics/Driver/ESO-Glory/Story-Playht/Play.ht - Come Join the Guilds and Glory Event, in...-LUCIUS (3)/2 - Unlock the full experien 7.mp3"
5 - Slip into Hew-s Bane and 7.mp3,0:08,33.89 KB,10-07-24,"/Volumes/Pics/Driver/ESO-Glory/Story-Playht/Play.ht - Come Join the Guilds and Glory Event, in...-LUCIUS (3)/5 - Slip into Hew-s Bane and 7.mp3"
7 - Confront the chaos in the 5.mp3,0:12,49.36 KB,10-07-24,"/Volumes/Pics/Driver/ESO-Glory/Story-Playht/Play.ht - Come Join the Guilds and Glory Event, in...-LUCIUS (3)/7 - Confront the chaos in the 5.mp3"
3 - Grind those daily quest 4.mp3,0:08,32.29 KB,10-07-24,"/Volumes/Pics/Driver/ESO-Glory/Story-Playht/Play.ht - Come Join the Guilds and Glory Event, in...-LUCIUS (3)/3 - Grind those daily quest 4.mp3"
1 - Step into the Guild-s an 14.mp3,0:05,20.95 KB,10-07-24,"/Volumes/Pics/Driver/ESO-Glory/Story-Playht/Play.ht - Come Join the Guilds and Glory Event, in...-LUCIUS (3)/1 - Step into the Guild-s an 14.mp3"
6 - Bask in the Gold Coast-s 7.mp3,0:08,35.20 KB,10-07-24,"/Volumes/Pics/Driver/ESO-Glory/Story-Playht/Play.ht - Come Join the Guilds and Glory Event, in...-LUCIUS (4)/6 - Bask in the Gold Coast-s 7.mp3"
7 - Confront the chaos in the 7.mp3,0:11,46.08 KB,10-07-24,"/Volumes/Pics/Driver/ESO-Glory/Story-Playht/Play.ht - Come Join the Guilds and Glory Event, in...-LUCIUS (4)/7 - Confront the chaos in the 7.mp3"
5 - Slip into Hew-s Bane and 9.mp3,0:08,32.20 KB,10-07-24,"/Volumes/Pics/Driver/ESO-Glory/Story-Playht/Play.ht - Come Join the Guilds and Glory Event, in...-LUCIUS (4)/5 - Slip into Hew-s Bane and 9.mp3"
3 - Grind those daily quest 6.mp3,0:07,31.17 KB,10-07-24,"/Volumes/Pics/Driver/ESO-Glory/Story-Playht/Play.ht - Come Join the Guilds and Glory Event, in...-LUCIUS (4)/3 - Grind those daily quest 6.mp3"
2 - Unlock the full experien 9.mp3,0:11,44.01 KB,10-07-24,"/Volumes/Pics/Driver/ESO-Glory/Story-Playht/Play.ht - Come Join the Guilds and Glory Event, in...-LUCIUS (4)/2 - Unlock the full experien 9.mp3"
4 - Ready to flex in Wrothga 8.mp3,0:08,31.83 KB,10-07-24,"/Volumes/Pics/Driver/ESO-Glory/Story-Playht/Play.ht - Come Join the Guilds and Glory Event, in...-LUCIUS (4)/4 - Ready to flex in Wrothga 8.mp3"
1 - Step into the Guild-s an 17.mp3,0:04,17.11 KB,10-07-24,"/Volumes/Pics/Driver/ESO-Glory/Story-Playht/Play.ht - Come Join the Guilds and Glory Event, in...-LUCIUS (4)/1 - Step into the Guild-s an 17.mp3"
03 - Imperial City is your fre 1.mp3,0:04,16.08 KB,10-07-24,"/Volumes/Pics/Driver/ESO-Glory/Story-Playht/Play.ht - Come Join the Guilds and Glory Event, in...-LUCIUS/03 - Imperial City is your fre 1.mp3"
05 - Grind those daily quest 10.mp3,0:09,37.83 KB,10-07-24,"/Volumes/Pics/Driver/ESO-Glory/Story-Playht/Play.ht - Come Join the Guilds and Glory Event, in...-LUCIUS/05 - Grind those daily quest 10.mp3"
02 - For the full experience 3.mp3,0:04,17.11 KB,10-07-24,"/Volumes/Pics/Driver/ESO-Glory/Story-Playht/Play.ht - Come Join the Guilds and Glory Event, in...-LUCIUS/02 - For the full experience 3.mp3"
04 - The Others Orsinium Thi 2.mp3,0:05,21.33 KB,10-07-24,"/Volumes/Pics/Driver/ESO-Glory/Story-Playht/Play.ht - Come Join the Guilds and Glory Event, in...-LUCIUS/04 - The Others Orsinium Thi 2.mp3"
06 - Ready to flex in Wrothga 12.mp3,0:08,33.23 KB,10-07-24,"/Volumes/Pics/Driver/ESO-Glory/Story-Playht/Play.ht - Come Join the Guilds and Glory Event, in...-LUCIUS/06 - Ready to flex in Wrothga 12.mp3"
07 - Slip into Hew-s Bane and 13.mp3,0:08,32.58 KB,10-07-24,"/Volumes/Pics/Driver/ESO-Glory/Story-Playht/Play.ht - Come Join the Guilds and Glory Event, in...-LUCIUS/07 - Slip into Hew-s Bane and 13.mp3"
01 - Step into the Guild-s an 23.mp3,0:04,17.48 KB,10-07-24,"/Volumes/Pics/Driver/ESO-Glory/Story-Playht/Play.ht - Come Join the Guilds and Glory Event, in...-LUCIUS/01 - Step into the Guild-s an 23.mp3"
09 - Confront the chaos in the 11.mp3,0:13,51.33 KB,10-07-24,"/Volumes/Pics/Driver/ESO-Glory/Story-Playht/Play.ht - Come Join the Guilds and Glory Event, in...-LUCIUS/09 - Confront the chaos in the 11.mp3"
08 - Bask in the Gold Coast-s 11.mp3,0:09,37.45 KB,10-07-24,"/Volumes/Pics/Driver/ESO-Glory/Story-Playht/Play.ht - Come Join the Guilds and Glory Event, in...-LUCIUS/08 - Bask in the Gold Coast-s 11.mp3"
4 - Behold the arsenal of the 2.mp3,0:08,33.42 KB,10-07-24,/Volumes/Pics/Driver/ESO-Glory/Story-Playht/Fguild/4 - Behold the arsenal of the 2.mp3
1 - Welcome to the heart of b 4.mp3,0:07,30.33 KB,10-07-24,/Volumes/Pics/Driver/ESO-Glory/Story-Playht/Fguild/1 - Welcome to the heart of b 4.mp3
3 - In the Fighters Guild st 2.mp3,0:07,30.51 KB,10-07-24,/Volumes/Pics/Driver/ESO-Glory/Story-Playht/Fguild/3 - In the Fighters Guild st 2.mp3
2 - Witness the relentless tr 2.mp3,0:07,28.17 KB,10-07-24,/Volumes/Pics/Driver/ESO-Glory/Story-Playht/Fguild/2 - Witness the relentless tr 2.mp3
5 - The Fighters Guild beckon 1.mp3,0:10,42.04 KB,10-07-24,/Volumes/Pics/Driver/ESO-Glory/Story-Playht/Fguild/5 - The Fighters Guild beckon 1.mp3
6 - Stay with us as our serie 1.mp3,0:09,37.73 KB,10-07-24,/Volumes/Pics/Driver/ESO-Glory/Story-Playht/Fguild/6 - Stay with us as our serie 1.mp3
Play.ht - Welcome to the heart of bravery and honor... (1).mp3,0:53,207.79 KB,10-07-24,/Volumes/Pics/Driver/ESO-Glory/Story-Playht/glory2/Play.ht - Welcome to the heart of bravery and honor... (1).mp3
4 - Behold the arsenal of the 6.mp3,0:06,26.20 KB,10-07-24,/Volumes/Pics/Driver/ESO-Glory/Story-Playht/glory2/Play.ht - Welcome to the heart of bravery and honor... (1)/4 - Behold the arsenal of the 6.mp3
2 - The relentless training o 4.mp3,0:05,23.58 KB,10-07-24,/Volumes/Pics/Driver/ESO-Glory/Story-Playht/glory2/Play.ht - Welcome to the heart of bravery and honor... (1)/2 - The relentless training o 4.mp3
3 - In the Fighters Guild st 4.mp3,0:09,36.04 KB,10-07-24,/Volumes/Pics/Driver/ESO-Glory/Story-Playht/glory2/Play.ht - Welcome to the heart of bravery and honor... (1)/3 - In the Fighters Guild st 4.mp3
1 - Welcome to the heart of b 5.mp3,0:09,36.98 KB,10-07-24,/Volumes/Pics/Driver/ESO-Glory/Story-Playht/glory2/Play.ht - Welcome to the heart of bravery and honor... (1)/1 - Welcome to the heart of b 5.mp3
5 - The Fighters Guild beckon 2.mp3,0:12,47.29 KB,10-07-24,/Volumes/Pics/Driver/ESO-Glory/Story-Playht/glory2/Play.ht - Welcome to the heart of bravery and honor... (1)/5 - The Fighters Guild beckon 2.mp3
6 - Stay with us as our serie 7.mp3,0:07,30.33 KB,10-07-24,/Volumes/Pics/Driver/ESO-Glory/Story-Playht/glory2/Play.ht - Welcome to the heart of bravery and honor... (1)/6 - Stay with us as our serie 7.mp3
6 - Face the anarchy within 1.mp3,0:08,33.42 KB,10-07-24,"/Volumes/Pics/Driver/ESO-Glory/Story-Playht/Play.ht - Come Join the Guilds and Glory Event, in...-LUCIUS (1)/6 - Face the anarchy within 1.mp3"
5 - Navigate Hew-s Bane-s sh 1.mp3,0:09,38.20 KB,10-07-24,"/Volumes/Pics/Driver/ESO-Glory/Story-Playht/Play.ht - Come Join the Guilds and Glory Event, in...-LUCIUS (1)/5 - Navigate Hew-s Bane-s sh 1.mp3"
7 - Ready for more The Figh 1.mp3,0:07,28.92 KB,10-07-24,"/Volumes/Pics/Driver/ESO-Glory/Story-Playht/Play.ht - Come Join the Guilds and Glory Event, in...-LUCIUS (1)/7 - Ready for more The Figh 1.mp3"
2 - Seize this moment to joi 2.mp3,0:10,41.20 KB,10-07-24,"/Volumes/Pics/Driver/ESO-Glory/Story-Playht/Play.ht - Come Join the Guilds and Glory Event, in...-LUCIUS (1)/2 - Seize this moment to joi 2.mp3"
4 - Venture through Wrothgar 1.mp3,0:08,33.33 KB,10-07-24,"/Volumes/Pics/Driver/ESO-Glory/Story-Playht/Play.ht - Come Join the Guilds and Glory Event, in...-LUCIUS (1)/4 - Venture through Wrothgar 1.mp3"
1 - Embark on an endless adv 1.mp3,0:07,27.98 KB,10-07-24,"/Volumes/Pics/Driver/ESO-Glory/Story-Playht/Play.ht - Come Join the Guilds and Glory Event, in...-LUCIUS (1)/1 - Embark on an endless adv 1.mp3"
3 - Undertake daily quests a 1.mp3,0:09,37.83 KB,10-07-24,"/Volumes/Pics/Driver/ESO-Glory/Story-Playht/Play.ht - Come Join the Guilds and Glory Event, in...-LUCIUS (1)/3 - Undertake daily quests a 1.mp3"
4 - Behold the arsenal of the 3.mp3,0:09,37.17 KB,10-07-24,/Volumes/Pics/Driver/ESO-Glory/Story-Playht/Play.ht - Welcome to the heart of bravery and... (2)/4 - Behold the arsenal of the 3.mp3
1 - Welcome to the heart of b 5.mp3,0:10,41.01 KB,10-07-24,/Volumes/Pics/Driver/ESO-Glory/Story-Playht/Play.ht - Welcome to the heart of bravery and... (2)/1 - Welcome to the heart of b 5.mp3
3 - In the Fighters Guild st 2.mp3,0:09,36.98 KB,10-07-24,/Volumes/Pics/Driver/ESO-Glory/Story-Playht/Play.ht - Welcome to the heart of bravery and... (2)/3 - In the Fighters Guild st 2.mp3
2 - Witness the relentless tr 3.mp3,0:08,31.54 KB,10-07-24,/Volumes/Pics/Driver/ESO-Glory/Story-Playht/Play.ht - Welcome to the heart of bravery and... (2)/2 - Witness the relentless tr 3.mp3
5 - The Fighters Guild beckon 2.mp3,0:11,46.26 KB,10-07-24,/Volumes/Pics/Driver/ESO-Glory/Story-Playht/Play.ht - Welcome to the heart of bravery and... (2)/5 - The Fighters Guild beckon 2.mp3
6 - Stay with us as our serie 2.mp3,0:11,43.83 KB,10-07-24,/Volumes/Pics/Driver/ESO-Glory/Story-Playht/Play.ht - Welcome to the heart of bravery and... (2)/6 - Stay with us as our serie 2.mp3
1 - Welcome to Elder Scrolls 3.mp3,0:07,30.33 KB,10-07-24,"/Volumes/Pics/Driver/ESO-Glory/Story-Playht/Play.ht - Welcome to Elder Scrolls Online, a land... (1)/1 - Welcome to Elder Scrolls 3.mp3"
3 - Within the hallowed wal 3.mp3,0:08,32.67 KB,10-07-24,"/Volumes/Pics/Driver/ESO-Glory/Story-Playht/Play.ht - Welcome to Elder Scrolls Online, a land... (1)/3 - Within the hallowed wal 3.mp3"
5 - Your epic journey in El 4.mp3,0:12,49.54 KB,10-07-24,"/Volumes/Pics/Driver/ESO-Glory/Story-Playht/Play.ht - Welcome to Elder Scrolls Online, a land... (1)/5 - Your epic journey in El 4.mp3"
2 - Our first stop the va 1.mp3,0:09,37.17 KB,10-07-24,"/Volumes/Pics/Driver/ESO-Glory/Story-Playht/Play.ht - Welcome to Elder Scrolls Online, a land... (1)/2 - Our first stop the va 1.mp3"
4 - The Traders Guild buzze 3.mp3,0:07,30.51 KB,10-07-24,"/Volumes/Pics/Driver/ESO-Glory/Story-Playht/Play.ht - Welcome to Elder Scrolls Online, a land... (1)/4 - The Traders Guild buzze 3.mp3"
3 - In the Fighters Guild 1.mp3,0:08,33.42 KB,10-07-24,/Volumes/Pics/Driver/ESO-Glory/Story-Playht/Play.ht - Welcome to the heart of bravery and... (1)/3 - In the Fighters Guild 1.mp3
4 - Behold the arsenal of t 1.mp3,0:08,35.20 KB,10-07-24,/Volumes/Pics/Driver/ESO-Glory/Story-Playht/Play.ht - Welcome to the heart of bravery and... (1)/4 - Behold the arsenal of t 1.mp3
6 - Stay with us as our ser 1.mp3,0:09,37.92 KB,10-07-24,/Volumes/Pics/Driver/ESO-Glory/Story-Playht/Play.ht - Welcome to the heart of bravery and... (1)/6 - Stay with us as our ser 1.mp3
5 - The Fighters Guild beck 1.mp3,0:11,44.11 KB,10-07-24,/Volumes/Pics/Driver/ESO-Glory/Story-Playht/Play.ht - Welcome to the heart of bravery and... (1)/5 - The Fighters Guild beck 1.mp3
1 - Welcome to the heart of 1.mp3,0:08,35.01 KB,10-07-24,/Volumes/Pics/Driver/ESO-Glory/Story-Playht/Play.ht - Welcome to the heart of bravery and... (1)/1 - Welcome to the heart of 1.mp3
2 - Witness the relentless 1.mp3,0:07,29.58 KB,10-07-24,/Volumes/Pics/Driver/ESO-Glory/Story-Playht/Play.ht - Welcome to the heart of bravery and... (1)/2 - Witness the relentless 1.mp3
4 - Finally explore the bu 3.mp3,0:05,21.51 KB,10-07-24,/Volumes/Pics/Driver/ESO-Glory/Story-Playht/lucius - Play.ht - Welcome to the vast and mystical world of.../4 - Finally explore the bu 3.mp3
1 - Welcome to the vast and 3.wav,Unknown,Unknown,10-07-24,/Volumes/Pics/Driver/ESO-Glory/Story-Playht/lucius - Play.ht - Welcome to the vast and mystical world of.../1 - Welcome to the vast and 3.wav
2 - First we visit the cou 4.wav,Unknown,Unknown,10-07-24,/Volumes/Pics/Driver/ESO-Glory/Story-Playht/lucius - Play.ht - Welcome to the vast and mystical world of.../2 - First we visit the cou 4.wav
5 - Join us in the Elder Sc 5.wav,Unknown,Unknown,10-07-24,/Volumes/Pics/Driver/ESO-Glory/Story-Playht/lucius - Play.ht - Welcome to the vast and mystical world of.../5 - Join us in the Elder Sc 5.wav
3 - Next delve into the ar 3.wav,Unknown,Unknown,10-07-24,/Volumes/Pics/Driver/ESO-Glory/Story-Playht/lucius - Play.ht - Welcome to the vast and mystical world of.../3 - Next delve into the ar 3.wav
6 - Discover your path in t 3.mp3,0:05,21.14 KB,10-07-24,/Volumes/Pics/Driver/ESO-Glory/Story-Playht/lucius - Play.ht - Welcome to the vast and mystical world of.../6 - Discover your path in t 3.mp3
4 - Finally explore the bu 3.wav,Unknown,Unknown,10-07-24,/Volumes/Pics/Driver/ESO-Glory/Story-Playht/lucius - Play.ht - Welcome to the vast and mystical world of.../4 - Finally explore the bu 3.wav
1 - Welcome to the vast and 3.mp3,0:04,16.92 KB,10-07-24,/Volumes/Pics/Driver/ESO-Glory/Story-Playht/lucius - Play.ht - Welcome to the vast and mystical world of.../1 - Welcome to the vast and 3.mp3
5 - Join us in the Elder Sc 5.mp3,0:06,26.48 KB,10-07-24,/Volumes/Pics/Driver/ESO-Glory/Story-Playht/lucius - Play.ht - Welcome to the vast and mystical world of.../5 - Join us in the Elder Sc 5.mp3
2 - First we visit the cou 4.mp3,0:05,20.11 KB,10-07-24,/Volumes/Pics/Driver/ESO-Glory/Story-Playht/lucius - Play.ht - Welcome to the vast and mystical world of.../2 - First we visit the cou 4.mp3
3 - Next delve into the ar 3.mp3,0:05,23.58 KB,10-07-24,/Volumes/Pics/Driver/ESO-Glory/Story-Playht/lucius - Play.ht - Welcome to the vast and mystical world of.../3 - Next delve into the ar 3.mp3
6 - Discover your path in t 3.wav,Unknown,Unknown,10-07-24,/Volumes/Pics/Driver/ESO-Glory/Story-Playht/lucius - Play.ht - Welcome to the vast and mystical world of.../6 - Discover your path in t 3.wav
Recycled SymphonyTEMP_MPY_wvf_snd.mp3,3:02,2.79 MB,06-21-24,/Volumes/Pics/Trashy/mine/Recycled SymphonyTEMP_MPY_wvf_snd.mp3
Royalty of RefuseTEMP_MPY_wvf_snd.mp3,3:47,3.48 MB,06-21-24,/Volumes/Pics/Trashy/mine/Royalty of RefuseTEMP_MPY_wvf_snd.mp3
